{
	"type": "origins:damage_over_time",
	"interval": 60,
	"onset_delay": 1,
	"damage": 1,
	"damage_easy": 1,
	"damage_source": {
		"name": "freeze",
		"unblockable": true,
		"bypasses_armor": true
	},
	"condition": {
		"type": "origins:and",
		"conditions": [{
				"type": "origins:biome",
				"condition": {
					"type": "origins:temperature",
					"comparison": "<=",
					"compare_to": 0.1
				}
			},
			{
				"type": "origins:on_fire",
				"inverted": true
			}
		]
	},
	"name": "Cold Sensitive",
	"description": "Biomes that are too cold will damage you."
}