{
	"type": "origins:burn",
	"interval": 20,
	"burn_duration": 5,
	"condition": {
		"type": "origins:and",
		"conditions": [{
				"type": "origins:exposed_to_sun"
			},
			{
				"type": "origins:equipped_item",
				"equipment_slot": "head",
				"item_condition": {
					"type": "origins:ingredient",
					"ingredient": {
						"item": "minecraft:leather_helmet"
					},
					"inverted": true
				}
			},
{
				"type": "origins:equipped_item",
				"equipment_slot": "head",
				"item_condition": {
					"type": "origins:ingredient",
					"ingredient": {
						"item": "goml:goggles"
					},
					"inverted": true
				}
			},
			{
				"type": "origins:equipped_item",
				"equipment_slot": "head",
				"item_condition": {
					"type": "origins:ingredient",
					"ingredient": {
						"item": "minecraft:chainmail_helmet"
					},
					"inverted": true
				}
			},
			{
				"type": "origins:equipped_item",
				"equipment_slot": "head",
				"item_condition": {
					"type": "origins:ingredient",
					"ingredient": {
						"item": "minecraft:iron_helmet"
					},
					"inverted": true
				}
			},
			{
				"type": "origins:equipped_item",
				"equipment_slot": "head",
				"item_condition": {
					"type": "origins:ingredient",
					"ingredient": {
						"item": "minecraft:diamond_helmet"
					},
					"inverted": true
				}
			},
			{
				"type": "origins:equipped_item",
				"equipment_slot": "head",
				"item_condition": {
					"type": "origins:ingredient",
					"ingredient": {
						"item": "minecraft:netherite_helmet"
					},
					"inverted": true
				}
			},
			{
				"type": "origins:status_effect",
				"effect": "minecraft:fire_resistance",
				"min_amplifier": 0,
				"inverted": true
			}
		]
	},
	"name": "Photoallergic",
	"description": "You begin to burn in daylight if you are not in water or wearing a helmet."
}