{
	"type": "origins:action_over_time",
	"interval": 20,
	"entity_action": {
		"type": "origins:and",
		"actions": [{
				"type": "origins:execute_command",
				"command": "execute at @s as @e[type=iron_golem,distance=..30] run data modify entity @s AngryAt set from entity @p[distance=..3] UUID"
			},
			{
				"type": "origins:execute_command",
				"command": "execute at @s as @e[type=minecraft:iron_golem,distance=..20] run data modify entity @s AngerTime set value 60"
			}
		]
	},
	"hidden": true
}