{
	"type": "origins:multiple",
	"undead_team_joining": {
		"type": "origins:action_on_callback",
		"entity_action_chosen": {
			"type": "origins:and",
			"actions": [{
					"type": "origins:execute_command",
					"command": "team add Undead",
					"permission_level": 4
				},
				{
					"type": "origins:execute_command",
					"command": "team join Undead @s",
					"permission_level": 4
				}
			]
		},
		"entity_action_lost": {
			"type": "origins:execute_command",
			"command": "team leave @s",
			"permission_level": 4
		}
	},
	"undead_team_managing": {
		"type": "origins:action_over_time",
		"entity_action": {
			"type": "origins:and",
			"actions": [{
					"type": "origins:execute_command",
					"command": "team leave @e[tag=angry]",
					"permission_level": 4
				},
				{
					"type": "origins:execute_command",
					"command": "team join Undead @e[type=minecraft:zombie,tag=!angry]",
					"permission_level": 4
				},
				{
					"type": "origins:execute_command",
					"command": "team join Undead @e[type=minecraft:skeleton,tag=!angry]",
					"permission_level": 4
				},
				{
					"type": "origins:execute_command",
					"command": "team join Undead @e[type=minecraft:husk,tag=!angry]",
					"permission_level": 4
				},
				{
					"type": "origins:execute_command",
					"command": "team join Undead @e[type=minecraft:drowned,tag=!angry]",
					"permission_level": 4
				},
				{
					"type": "origins:execute_command",
					"command": "team join Undead @e[type=minecraft:stray,tag=!angry]",
					"permission_level": 4
				}
			]
		},
		"interval": 20
	},
	"hostility_when_hit": {
		"type": "origins:target_action_on_hit",
		"entity_action": {
			"type": "origins:execute_command",
			"command": "tag @s[team=Undead,type=!minecraft:player] add angry",
			"permission_level": 4
		},
		"cooldown": 0,
		"hud_render": {
			"should_render": false
		}
	},
	"hidden": true
}